<?xml version="1.0" encoding="utf-8"?>
<!DOCTYPE hibernate-configuration SYSTEM 
"http://www.hibernate.org/dtd/hibernate-configuration-3.0.dtd">

<hibernate-configuration>
   <session-factory>
   <property name="dialect">org.hibernate.dialect.MySQLDialect</property>
   <property name="hibernate.connection.driver_class">com.mysql.jdbc.Driver</property>
   <property name="hibernate.connection.url">jdbc:mysql://192.168.70.67:3306/Music</property>
   <property name="hibernate.connection.username">root</property>
   <property name="hibernate.connection.password">mysql</property>
   <property name="hibernate.hbm2ddl.auto">create</property>
   <property name="hibernate.hbm2ddl.auto">update</property>
  <!--  -->
   <property name="show_sql">true</property>
</session-factory>
</hibernate-configuration>